seq,file,lab_folder,layout,Vendor Name,Vendor Tax ID,Invoice Number,Invoice Date,PO Number,Total Amount,Currency,Due Date,Invoice Date (IXP normalized),Due Date (IXP normalized),Total Amount (Monetary Quantity normalized),Subtotal (distractor),Sales Tax (distractor),Total label on page
001,commercial-invoice-001-northwind.pdf,lab2-rpa,classic,Northwind Office Supplies Inc.,47-2013865,NW-88214,03/04/2026,PO-2026-0431,4155.40,USD,04/03/2026,2026-03-04T00:00:00Z,2026-04-03T00:00:00Z,4155.40 USD,3874.50,280.90,TOTAL DUE
002,commercial-invoice-002-contoso-logistics.pdf,lab2-rpa,banded,Contoso Logistics LLC,82-4471900,CLL-2026-3391,03/06/2026,PO-2026-0447,12740.00,USD,04/20/2026,2026-03-06T00:00:00Z,2026-04-20T00:00:00Z,12740.00 USD,12740.00,0.00,BALANCE DUE
003,commercial-invoice-003-ableton-fabrication.pdf,lab2-rpa,service,"Ableton Fabrication, Inc.",26-1509338,AF19427,03/09/2026,PO-2026-0452,4026.88,USD,04/08/2026,2026-03-09T00:00:00Z,2026-04-08T00:00:00Z,4026.88 USD,3790.00,236.88,TOTAL (USD)
004,commercial-invoice-004-meridian-cloud.pdf,lab2-rpa,classic,Meridian Cloud Services Corp.,91-3320764,MCS-Q1-20418,03/01/2026,PO-2026-0399,16980.00,USD,03/31/2026,2026-03-01T00:00:00Z,2026-03-31T00:00:00Z,16980.00 USD,16980.00,0.00,TOTAL DUE
005,commercial-invoice-005-blue-harbor-catering.pdf,lab2-rpa,banded,Blue Harbor Catering Co.,33-7788214,BHC-4471,03/11/2026,PO-2026-0461,2954.00,USD,03/26/2026,2026-03-11T00:00:00Z,2026-03-26T00:00:00Z,2954.00 USD,2800.00,154.00,BALANCE DUE
006,commercial-invoice-006-great-lakes-steel.pdf,lab1-ixp,service,Great Lakes Steel Supply Inc.,38-4410927,GLS-2026-0442,03/05/2026,PO-2026-0470,17988.20,USD,04/04/2026,2026-03-05T00:00:00Z,2026-04-04T00:00:00Z,17988.20 USD,16970.00,1018.20,TOTAL (USD)
007,commercial-invoice-007-liberty-print.pdf,lab1-ixp,classic,Liberty Print & Signage LLC,36-5127744,LPS-55210,03/09/2026,PO-2026-0476,4946.40,USD,04/08/2026,2026-03-09T00:00:00Z,2026-04-08T00:00:00Z,4946.40 USD,4580.00,366.40,TOTAL DUE
008,commercial-invoice-008-summit-facilities.pdf,lab1-ixp,banded,Summit Facilities Group,45-6612093,SFG-2026-0771,03/12/2026,PO-2026-0468,3699.26,USD,04/11/2026,2026-03-12T00:00:00Z,2026-04-11T00:00:00Z,3699.26 USD,3595.00,104.26,BALANCE DUE
009,commercial-invoice-009-vertex-analytics.pdf,lab1-ixp,service,Vertex Analytics Corp.,88-2245107,VA-INV-40592,03/02/2026,PO-2026-0405,22700.00,USD,04/16/2026,2026-03-02T00:00:00Z,2026-04-16T00:00:00Z,22700.00 USD,22700.00,0.00,TOTAL (USD)
010,commercial-invoice-010-pacific-timber.pdf,lab1-ixp,classic,Pacific Timber Company,93-1180446,PTC-2026-2287,03/13/2026,PO-2026-0489,9902.58,USD,04/12/2026,2026-03-13T00:00:00Z,2026-04-12T00:00:00Z,9902.58 USD,9060.00,842.58,TOTAL DUE
